Handle,Name,default_image,datetime1,datetime2,datetime3,description1,description2,description3,image1,image2,image3,youtube_link1,youtube_link2,youtube_link3,Unnamed: 0
@VestiaZeta,Vestia Zeta,https://hololive.hololivepro.com/wp-content/uploads/2020/07/Vestia-Zeta_pr-img_01.png,,,,,,,,,,,,,74
@HoshimachiSuisei,Hoshimachi Suisei,https://hololive.hololivepro.com/wp-content/uploads/2020/06/Hoshimachi-Suisei_pr-img_01.png,,,,,,,,,,,,,17
@ShirakamiFubuki,Shirakami Fubuki,https://hololive.hololivepro.com/wp-content/uploads/2020/06/Shirakami-Fubuki_pr-img_01.png,,,,,,,,,,,,,37
@AkaiHaato,Akai Haato,https://hololive.hololivepro.com/wp-content/uploads/2020/06/Akai-Haato_pr-img_01.png,08.08 06:15,,,[Radio English Conversation] Chama! summer! English!! Ô∏èüõü#6 [RADIO ENGLISH],,,https://img.youtube.com/vi/DS0guZrrjzA/mqdefault.jpg,,,https://www.youtube.com/watch?v=DS0guZrrjzA,,,6
@holoen_ceciliaimmergreen,Cecilia Immergreen,https://hololive.hololivepro.com/wp-content/uploads/2023/07/Cecilia-Immergreen_pr-img_01.png,,,,,,,,,,,,,57
@TokinoSora,Tokino Sora,https://hololive.hololivepro.com/wp-content/uploads/2020/06/Tokino-Sora_pr-img_01.png,,,,,,,,,,,,,40
@KoganeiNiko,Koganei Niko,https://hololive.hololivepro.com/wp-content/uploads/2024/11/Koganei-Niko_pr-img_01.png,,,,,,,,,,,,,66
@NatsuiroMatsuri,Natsuiro Matsuri,https://hololive.hololivepro.com/wp-content/uploads/2020/06/Natsuiro-Matsuri_pr-img_01.png,,,,,,,,,,,,,54
@AiraniIofifteen,Airani Iofifteen,https://hololive.hololivepro.com/wp-content/uploads/2020/07/Airani-Iofifteen_pr-img_01.png,,,,,,,,,,,,,35
@HoushouMarine,Houshou Marine,https://hololive.hololivepro.com/wp-content/uploads/2020/06/Houshou-Marine_pr-img_01.png,08.07 07:00,,,"[#Pekomari Exercise] Will Holomen come? Pekora, let's get off after all! Day 6 [Hololive/Usada Pekora/Horakane Marine]",,,https://img.youtube.com/vi/6pb5ms3oLms/mqdefault.jpg,,,https://www.youtube.com/watch?v=6pb5ms3oLms,,,23
@MomosuzuNene,Momosuzu Nene,https://hololive.hololivepro.com/wp-content/uploads/2020/06/Momosuzu-Nene_pr-img_01.png,,,,,,,,,,,,,8
@MoriCalliope,Mori Calliope,https://hololive.hololivepro.com/wp-content/uploads/2020/07/Mori-Calliope_pr-img_01.png,,,,,,,,,,,,,30
@AyundaRisu,Ayunda Risu,https://hololive.hololivepro.com/wp-content/uploads/2020/07/Ayunda-Risu_pr-img_01.png,,,,,,,,,,,,,28
@WatsonAmelia,[Affiliate] Watson Amelia,https://hololive.hololivepro.com/wp-content/uploads/2020/07/Watson-Amelia_pr-img_01.png,,,,,,,,,,,,,46
@KoboKanaeru,Kobo Kanaeru,https://hololive.hololivepro.com/wp-content/uploads/2020/07/Kobo-Kanaeru_pr-img_01.png,,,,,,,,,,,,,48
@HakosBaelz,Hakos Baelz,https://hololive.hololivepro.com/wp-content/uploads/2020/07/Hakos-Baelz_pr-img_01.png,08.07 10:00,,,<Ace Attorney: Justice For All> GRAND FINALE!!! ... First Playthrough! #7 [SPOILER WARNING],,,https://img.youtube.com/vi/uERIYwcJYuo/mqdefault.jpg,,,https://www.youtube.com/watch?v=uERIYwcJYuo,,,32
@IsakiRiona,Isaki Riona,https://hololive.hololivepro.com/wp-content/uploads/2024/11/Isaki-Riona_pr-img_01.png,,,,,,,,,,,,,22
@IchijouRirika,Ichijou Ririka,https://hololive.hololivepro.com/wp-content/uploads/2024/10/Ichijou-Ririka_pr-img_01_a.png,,,,,,,,,,,,,33
@JuufuuteiRaden,Juufuutei Raden,https://hololive.hololivepro.com/wp-content/uploads/2024/10/Juufuutei-Raden_pr-img_01_a.png,08.07 10:00,,,[Raden Study Room] August 7th 10:00-11:00 [Raden ReGLOSS],,,https://img.youtube.com/vi/97hLiThzkuM/mqdefault.jpg,,,https://www.youtube.com/watch?v=97hLiThzkuM,,,10
@GawrGura,[Alum] Gawr Gura,https://hololive.hololivepro.com/wp-content/uploads/2024/05/Gawr-Gura_pr-img_01.png,,,,,,,,,,,,,49
@OmaruPolka,Omaru Polka,https://hololive.hololivepro.com/wp-content/uploads/2024/12/Omaru-Polka_pr-img_01.png,,,,,,,,,,,,,15
@HakuiKoyori,Hakui Koyori,https://hololive.hololivepro.com/wp-content/uploads/2020/07/Hakui-Koyori_pr-img_01.png,08.07 12:00,08.07 19:00,08.08 19:00,"[Pikachu Genki Dechu] A complete first time viewing! Finally, I'm summoned with the Instructionist Marine! ! ! ‚ö°~Day 4~ #Koyori and Pikachu [Horoku Marine/Hikikoyori/Hololive]",[Interview Collab] #Discord Shocking ~This Month's Guest: Ishigami Nozomi~ [Hiroko/Hololive],"[ #Vtuber Senryu ] 2025 work presentation! ~Guest: Professor Yuuufutei Raden~ [Hi Koyori, Yuufutei Raden/Hololive]",https://img.youtube.com/vi/3SRNeHe4F5M/mqdefault.jpg,https://img.youtube.com/vi/JktIKeTlr_g/mqdefault.jpg,https://img.youtube.com/vi/iMT9XEoaG-4/mqdefault.jpg,https://www.youtube.com/watch?v=3SRNeHe4F5M,https://www.youtube.com/watch?v=JktIKeTlr_g,https://www.youtube.com/watch?v=iMT9XEoaG-4,55
@TsukumoSana,[Alum] Tsukumo Sana,https://hololive.hololivepro.com/wp-content/uploads/2023/09/Tsukumo-Sana_pr-img_01.png,,,,,,,,,,,,,36
@KaelaKovalskia,Kaela Kovalskia,https://hololive.hololivepro.com/wp-content/uploads/2020/07/Kaela-Kovalskia_pr-img_02.png,,,,,,,,,,,,,16
@OuroKronii,Ouro Kronii,https://hololive.hololivepro.com/wp-content/uploads/2023/10/Ouro-Kronii_pr-img_01.png,,,,,,,,,,,,,67
@NanashiMumei,[Alum] Nanashi Mumei,https://hololive.hololivepro.com/wp-content/uploads/2023/10/Nanashi-Mumei_pr-img_01.png,,,,,,,,,,,,,20
@KiryuCoco,[Alum] Kiryu Coco,https://hololive.hololivepro.com/wp-content/uploads/2023/09/Kiryu-Coco_pr-img_01.png,,,,,,,,,,,,,68
@IRyS,IRyS,https://hololive.hololivepro.com/wp-content/uploads/2020/07/IRyS_pr-img_01.png,,,,,,,,,,,,,71
@OtonoseKanade,Otonose Kanade,https://hololive.hololivepro.com/wp-content/uploads/2024/10/Otonose-Kanade_pr-img_01_a.png,,,,,,,,,,,,,27
@YukihanaLamy,Yukihana Lamy,https://hololive.hololivepro.com/wp-content/uploads/2020/06/Yukihana-Lamy_pr-img_01.png,08.07 22:00,,,[Donkey Kong Bananza] #06 | Final episode! ? My first Donkey! ! I'll destroy everything! ! [Yukihana Rami / Hololive],,,https://img.youtube.com/vi/Fjpvv-AZptA/mqdefault.jpg,,,https://www.youtube.com/watch?v=Fjpvv-AZptA,,,7
@NerissaRavencroft,Nerissa Ravencroft,https://hololive.hololivepro.com/wp-content/uploads/2024/08/Nerissa-Ravencroft_pr-img_01.png,,,,,,,,,,,,,56
@YuzukiChoco,Yuzuki Choco,https://hololive.hololivepro.com/wp-content/uploads/2020/06/Yuzuki-Choco_pr-img_01.png,,,,,,,,,,,,,29
@LaplusDarknesss,La+ Darknesss,https://hololive.hololivepro.com/wp-content/uploads/2024/05/La-Darknesss_pr-img_01.png,,,,,,,,,,,,,24
@KikiraraVivi,Kikirara Vivi,https://hololive.hololivepro.com/wp-content/uploads/2024/11/Kikirara-Vivi_pr-img_01.png,08.07 18:00,,,[Super Smash Bros. SPECIAL] First time! Viewer participation! Come on Cloud Let's have fun - Viviros [#KirurasuVivi #hololiveDEV_IS #FLOWGLOW],,,https://img.youtube.com/vi/ijLqJH8LLC8/mqdefault.jpg,,,https://www.youtube.com/watch?v=ijLqJH8LLC8,,,65
@HiodoshiAo,Hiodoshi Ao,https://hololive.hololivepro.com/wp-content/uploads/2023/09/Hiodoshi-Ao_pr-img_01_a.png,,,,,,,,,,,,,53
@holoen_gigimurin,Gigi Murin,https://hololive.hololivepro.com/wp-content/uploads/2024/06/Gigi-Murin_pr-img_01.png,08.07 07:00,08.08 07:00,,[PERFORMANCE MV] Lower One's Eyes - Gigi Murin Mori Calliope Nerissa Ravencroft,[PERFORMANCE MV] Niccori^^ Survey Team Theme - Gigi Murin Wizard Oji-chan,,https://img.youtube.com/vi/xONtg3B8lm8/mqdefault.jpg,https://img.youtube.com/vi/tZLyZlJq0D0/mqdefault.jpg,,https://www.youtube.com/watch?v=xONtg3B8lm8,https://www.youtube.com/watch?v=tZLyZlJq0D0,,44
@holoen_erbloodflame,Elizabeth Rose Bloodflame,https://hololive.hololivepro.com/wp-content/uploads/2023/07/Elizabeth-Rose-Bloodflame_pr-img_01.png,,,,,,,,,,,,,9
@FUWAMOCOch,Mococo Abyssgard,https://hololive.hololivepro.com/wp-content/uploads/2021/07/Mococo-Abyssgard_pr-img_01.png,08.07 08:04,,,what happens when you leave 3 dogs + 1 cat alone together... üêæ‚ú®Ô∏è #FUWAMOCO #shorts #Hololive #vtuber,,,https://img.youtube.com/vi/Axbt9GS91k4/mqdefault.jpg,,,https://www.youtube.com/watch?v=Axbt9GS91k4,,,51
@HimemoriLuna,Himemori Luna,https://hololive.hololivepro.com/wp-content/uploads/2020/06/Himemori-Luna_pr-img_01.png,,,,,,,,,,,,,1
@AmaneKanata,Amane Kanata,https://hololive.hololivepro.com/wp-content/uploads/2024/07/Amane-Kanata_pr-img_01.png,,,,,,,,,,,,,70
@KosekiBijou,Koseki Bijou,https://hololive.hololivepro.com/wp-content/uploads/2024/08/Koseki-Bijou_pr-img_01.png,NOW ON AIR,,,[Clair Obscur: Expedition 33] THE BIG ONES (SUPERBOSSES) [SPOILERS],,,https://img.youtube.com/vi/aiMQApRwjGI/mqdefault.jpg,,,https://www.youtube.com/watch?v=aiMQApRwjGI,,,61
@holoANroom,Harusaki Nodoka,https://hololive.hololivepro.com/wp-content/uploads/2023/09/Harusaki-Nodoka_pr-img_01.png,,,,,,,,,,,,,25
@ShiranuiFlare,Shiranui Flare,https://hololive.hololivepro.com/wp-content/uploads/2023/04/Shiranui-Flare_pr-img_01.png,08.07 21:00,,,[#Shiranai Flare 6th Anniversary] A once-a-year wait for a explosion! There are also major announcements! [Shiranui Flare/Hololive],,,https://img.youtube.com/vi/gLkYjFHbx1M/mqdefault.jpg,,,https://www.youtube.com/watch?v=gLkYjFHbx1M,,,64
@ShishiroBotan,Shishiro Botan,https://hololive.hololivepro.com/wp-content/uploads/2024/05/Shishiro-Botan_pr-img_01.png,08.07 22:00,,,[#Holo7DTD Hard Day9] Revenge in the Desert Attack! Will it be possible to clear it...? ! üåµ [Shishira Botan/Hololive],,,https://img.youtube.com/vi/dlgD7JG8EUE/mqdefault.jpg,,,https://www.youtube.com/watch?v=dlgD7JG8EUE,,,59
@SakuraMiko,Sakura Miko,https://hololive.hololivepro.com/wp-content/uploads/2023/02/Sakura-Miko_pr-img_01.png,08.07 21:00,,,[Project] #Hololive Instruction Manual ‚Åâ I want to leave the Holomen you're interested in naked~~~üîéüìù [Hololive/Sakura Miko],,,https://img.youtube.com/vi/yRlTBAwMras/mqdefault.jpg,,,https://www.youtube.com/watch?v=yRlTBAwMras,,,2
-,[Retirement] Friend A (A-chan),https://hololive.hololivepro.com/wp-content/uploads/2023/09/Friend-A_pr-img_01.png,,,,,,,,,,,,,62
@FUWAMOCOch,Fuwawa Abyssgard,https://hololive.hololivepro.com/wp-content/uploads/2024/08/Fuwawa-Abyssgard_pr-img_01.png,,,,,,,,,,,,,3
@AkiRosenthal,Aki Rosenthal,https://hololive.hololivepro.com/wp-content/uploads/2020/06/Aki-Rosenthal_pr-img_01.png,,,,,,,,,,,,,52
@ShioriNovella,Shiori Novella,https://hololive.hololivepro.com/wp-content/uploads/2024/08/Shiori-Novella_pr-img_01.png,08.08 05:00,,,üíú Emotionally Available But Also Emotionally Dangerous BFE Stream üíú,,,https://img.youtube.com/vi/D2nD1k9ZdNI/mqdefault.jpg,,,https://www.youtube.com/watch?v=D2nD1k9ZdNI,,,14
@MizumiyaSu,Mizumiya Su,https://hololive.hololivepro.com/wp-content/uploads/2024/11/Mizumiya-Su_pr-img_01.png,08.07 18:00,08.07 22:00,,[Escalator] I'll find something strange! I don't like scary things! [Mizumiya Tsubasa/Hololive DEV_IS],[Squirreled Away] Become a squirrel with Anya-senpai! 2 [Mizumiya Tsubasa/FLOW GLOW] #hololiveDEV_IS,,https://img.youtube.com/vi/Kf_1ULSdf7w/mqdefault.jpg,https://img.youtube.com/vi/lWodjN0ytJc/mqdefault.jpg,,https://www.youtube.com/watch?v=Kf_1ULSdf7w,https://www.youtube.com/watch?v=lWodjN0ytJc,,11
@RindoChihaya,Rindo Chihaya,https://hololive.hololivepro.com/wp-content/uploads/2024/11/Rindo-Chihaya_pr-img_01.png,,,,,,,,,,,,,63
@AZKi,AZKi,https://hololive.hololivepro.com/wp-content/uploads/2024/12/AZKi_pr-img_01.png,08.07 19:00,,,[#AZKi Advent Festival] AZKi has arrived in the world of #HoloEarth! [Hololive / AZKi],,,https://img.youtube.com/vi/HRAYhXrzXL8/mqdefault.jpg,,,https://www.youtube.com/watch?v=HRAYhXrzXL8,,,73
@ShiroganeNoel,Shirogane Noel,https://hololive.hololivepro.com/wp-content/uploads/2020/06/Shirogane-Noel_pr-img_01.png,08.07 23:30,,,[6th Anniversary Countdown] I want to welcome you with the members! [Shiragin Noel/Hololive],,,https://img.youtube.com/vi/sDuSWYecrp0/mqdefault.jpg,,,https://www.youtube.com/watch?v=sDuSWYecrp0,,,34
@NinomaeInanis,Ninomae Ina'nis,https://hololive.hololivepro.com/wp-content/uploads/2020/07/Ninomae-Inanis_pr-img_01.png,,,,,,,,,,,,,13
@TodorokiHajime,Todoroki Hajime,https://hololive.hololivepro.com/wp-content/uploads/2024/10/Todoroki-Hajime_pr-img_01_a.png,,,,,,,,,,,,,50
@CeresFauna,[Alum] Ceres Fauna,https://hololive.hololivepro.com/wp-content/uploads/2023/10/Ceres-Fauna_pr-img_01.png,,,,,,,,,,,,,18
@OokamiMio,Ookami Mio,https://hololive.hololivepro.com/wp-content/uploads/2020/06/Ookami-Mio_pr-img_01.png,,,,,,,,,,,,,43
@TsunomakiWatame,Tsunomaki Watame,https://hololive.hololivepro.com/wp-content/uploads/2020/06/Tsunomaki-Watame_pr-img_01.png,08.07 06:00,08.07 22:00,,What proverb is it? [ #Today's Watashi] #shorts #hololive #vtuber,[#Holo7DTD Hard | DAY9] DAY9! Desert Raid Revenge Match! 7 Days to Die! [Kakumaki Watome/Hololive 4th generation],,https://img.youtube.com/vi/4NWyaM5dC-A/mqdefault.jpg,https://img.youtube.com/vi/ASYas4SSCHM/mqdefault.jpg,,https://www.youtube.com/watch?v=4NWyaM5dC-A,https://www.youtube.com/watch?v=ASYas4SSCHM,,69
@TakaneLui,Takane Lui,https://hololive.hololivepro.com/wp-content/uploads/2024/08/Takane-Lui_pr-img_01.png,,,,,,,,,,,,,58
@SakamataChloe,[Affiliate] Sakamata Chloe,https://hololive.hololivepro.com/wp-content/uploads/2024/09/Sakamata-Chloe_pr-img_01.png,,,,,,,,,,,,,31
@TokoyamiTowa,Tokoyami Towa,https://hololive.hololivepro.com/wp-content/uploads/2020/06/Tokoyami-Towa_pr-img_01.png,08.08 20:00,,,[#Toyoya Towa Birthday 2025] Super important announcement! SincerelyTowa [3DLIVE],,,https://img.youtube.com/vi/I4FbpwMb78U/mqdefault.jpg,,,https://www.youtube.com/watch?v=I4FbpwMb78U,,,75
@NakiriAyame,Nakiri Ayame,https://hololive.hololivepro.com/wp-content/uploads/2020/06/Nakiri-Ayame_pr-img_01.png,,,,,,,,,,,,,0
@OozoraSubaru,Oozora Subaru,https://hololive.hololivepro.com/wp-content/uploads/2020/06/Oozora-Subaru_pr-img_01.png,08.07 20:00,08.07 22:00,,[] Donkey parallel run [Hololive/Ozora Subaru],[#Holo7DTD Hard] Revenge at the attack! ! ! ! Zombie vs Human Battle Shubaaaaa! ! ! ! ! :7days to die [Hololive/Ozora Subaru],,https://img.youtube.com/vi/5rN_ewW0asQ/mqdefault.jpg,https://img.youtube.com/vi/6j9GRI5liDo/mqdefault.jpg,,https://www.youtube.com/watch?v=5rN_ewW0asQ,https://www.youtube.com/watch?v=6j9GRI5liDo,,39
@InugamiKorone,Inugami Korone,https://hololive.hololivepro.com/wp-content/uploads/2020/06/Inugami-Korone_pr-img_01.png,08.07 20:00,,,"[Korone Branch] #Subakoro ""Donkey Kong"" 1 hour parallel battle! ! [Inugami Korone/Ozora Subaru]",,,https://img.youtube.com/vi/L-fPTXaxcjU/mqdefault.jpg,,,https://www.youtube.com/watch?v=L-fPTXaxcjU,,,38
@MoonaHoshinova,Moona Hoshinova,https://hololive.hololivepro.com/wp-content/uploads/2020/07/Moona-Hoshinova_pr-img_01.png,,,,,,,,,,,,,4
@MinatoAqua,[Alum] Minato Aqua,https://hololive.hololivepro.com/wp-content/uploads/2023/09/Minato-Aqua_pr-img_01.png,,,,,,,,,,,,,45
@MurasakiShion,[Alum] Murasaki Shion,https://hololive.hololivepro.com/wp-content/uploads/2020/06/Murasaki-Shion_pr-img_01.png,,,,,,,,,,,,,21
@NekomataOkayu,Nekomata Okayu,https://hololive.hololivepro.com/wp-content/uploads/2020/06/Nekomata-Okayu_pr-img_01.png,08.07 22:00,08.08 22:00,,[DAY9 | #Holo7DTD Hard] It's the second desert attack üßüüßüüßü [Nekomata Okayuka's perspective/Hololive],[The Long Dark] The next time I'll be climbing it! üî•‚ú¶ [Nekomata Oka Porridge/Hololive],,https://img.youtube.com/vi/eMvJNcht4H8/mqdefault.jpg,https://img.youtube.com/vi/qsd68Vk4FUA/mqdefault.jpg,,https://www.youtube.com/watch?v=eMvJNcht4H8,https://www.youtube.com/watch?v=qsd68Vk4FUA,,12
@KureijiOllie,Kureiji Ollie,https://hololive.hololivepro.com/wp-content/uploads/2024/10/Kureiji-Ollie_pr-img_01.png,,,,,,,,,,,,,5
@TakanashiKiara,Takanashi Kiara,https://hololive.hololivepro.com/wp-content/uploads/2020/07/Takanashi-Kiara_pr-img_01.png,,,,,,,,,,,,,42
@Robocosan,Robocosan,https://hololive.hololivepro.com/wp-content/uploads/2020/06/Robocosan_pr-img_01.png,,,,,,,,,,,,,47
@PavoliaReine,Pavolia Reine,https://hololive.hololivepro.com/wp-content/uploads/2020/07/Pavolia-Reine_pr-img_01.png,,,,,,,,,,,,,72
@usadapekora,Usada Pekora,https://hololive.hololivepro.com/wp-content/uploads/2020/06/Usada-Pekora_pr-img_01.png,,,,,,,,,,,,,19
@holoen_raorapanthera,Raora Panthera,https://hololive.hololivepro.com/wp-content/uploads/2024/06/Raora-Panthera_pr-img_01.png,08.07 11:00,,,[STELLAR BLADE] I fear no alien but this camera angle‚Ä¶ #2,,,https://img.youtube.com/vi/s4AKr2noym8/mqdefault.jpg,,,https://www.youtube.com/watch?v=s4AKr2noym8,,,41
@AnyaMelfissa,Anya Melfissa,https://hololive.hololivepro.com/wp-content/uploads/2020/07/Anya-Melfissa_pr-img_01.png,08.07 22:00,,,[Squirreled Away] It's a new adventure. More Adventures With Su! [hololive ID 2nd Gen | Anya Melfissa],,,https://img.youtube.com/vi/s_vuAkGfND0/mqdefault.jpg,,,https://www.youtube.com/watch?v=s_vuAkGfND0,,,26
@kazamairoha,Kazama Iroha,https://hololive.hololivepro.com/wp-content/uploads/2020/07/Kazama-Iroha_pr-img_01.png,,,,,,,,,,,,,60
