Handle,name,default_image,datetime1,datetime2,datetime3,description1,description2,description3,image1,image2,image3,youtube_link1,youtube_link2,youtube_link3
@SakuraMiko,Sakura Miko,https://hololive.hololivepro.com/wp-content/uploads/2023/02/Sakura-Miko_pr-img_01.png,,,,,,,,,,,,
@YukihanaLamy,Yukihana Lamy,https://hololive.hololivepro.com/wp-content/uploads/2020/06/Yukihana-Lamy_pr-img_01.png,NOW ON AIR,,,[Donkey Kong Bananza] #06 | Final episode! ? My first Donkey! ! I'll destroy everything! ! [Yukihana Rami / Hololive],,,https://img.youtube.com/vi/Fjpvv-AZptA/mqdefault.jpg,,,https://www.youtube.com/watch?v=Fjpvv-AZptA,,
@FUWAMOCOch,Mococo Abyssgard,https://hololive.hololivepro.com/wp-content/uploads/2021/07/Mococo-Abyssgard_pr-img_01.png,08.08 10:00,08.09 11:00,,[LIFETIME SHOWTIME AFTERPARTY] behind-the-scene secrets from the start until now üêæ [FUWAMOCO],[PERO'S BIRTHDAY PARTY] Ranking the girls I want a birthday smooch from üêæ‚ú® [FUWAMOCO],,https://img.youtube.com/vi/fXsK6PLLVuo/mqdefault.jpg,https://img.youtube.com/vi/V_Vk80pKLNw/mqdefault.jpg,,https://www.youtube.com/watch?v=fXsK6PLLVuo,https://www.youtube.com/watch?v=V_Vk80pKLNw,
@IsakiRiona,Isaki Riona,https://hololive.hololivepro.com/wp-content/uploads/2024/11/Isaki-Riona_pr-img_01.png,,,,,,,,,,,,
@GawrGura,[Alum] Gawr Gura,https://hololive.hololivepro.com/wp-content/uploads/2024/05/Gawr-Gura_pr-img_01.png,,,,,,,,,,,,
@NanashiMumei,[Alum] Nanashi Mumei,https://hololive.hololivepro.com/wp-content/uploads/2023/10/Nanashi-Mumei_pr-img_01.png,,,,,,,,,,,,
@KiryuCoco,[Alum] Kiryu Coco,https://hololive.hololivepro.com/wp-content/uploads/2023/09/Kiryu-Coco_pr-img_01.png,,,,,,,,,,,,
@AkiRosenthal,Aki Rosenthal,https://hololive.hololivepro.com/wp-content/uploads/2020/06/Aki-Rosenthal_pr-img_01.png,NOW ON AIR,,,"[Raft] Four of us were thrown into the sea, but we'll definitely clear the journey Part 1üåäüèùÔ∏è#Team Arm Wrestling [Akiroze/Hololive]",,,https://img.youtube.com/vi/GS-d1aHPfA4/mqdefault.jpg,,,https://www.youtube.com/watch?v=GS-d1aHPfA4,,
@AkaiHaato,Akai Haato,https://hololive.hololivepro.com/wp-content/uploads/2020/06/Akai-Haato_pr-img_01.png,08.08 06:15,08.09 23:30,,[Radio English Conversation] Chama! summer! English!! Ô∏èüõü#6 [RADIO ENGLISH],‚ù§Ô∏è‚Äçüî• My favoritesüåü Latest merchandise information FREE CHAT‚ù§Ô∏è‚Äçüî•,,https://img.youtube.com/vi/DS0guZrrjzA/mqdefault.jpg,https://img.youtube.com/vi/TLw3Taw5jxI/mqdefault.jpg,,https://www.youtube.com/watch?v=DS0guZrrjzA,https://www.youtube.com/watch?v=TLw3Taw5jxI,
@LaplusDarknesss,La+ Darknesss,https://hololive.hololivepro.com/wp-content/uploads/2024/05/La-Darknesss_pr-img_01.png,,,,,,,,,,,,
@holoen_gigimurin,Gigi Murin,https://hololive.hololivepro.com/wp-content/uploads/2024/06/Gigi-Murin_pr-img_01.png,08.08 07:00,,,[PERFORMANCE MV] Niccori^^ Survey Team Theme - Gigi Murin Wizard Oji-chan,,,https://img.youtube.com/vi/tZLyZlJq0D0/mqdefault.jpg,,,https://www.youtube.com/watch?v=tZLyZlJq0D0,,
@usadapekora,Usada Pekora,https://hololive.hololivepro.com/wp-content/uploads/2020/06/Usada-Pekora_pr-img_01.png,08.08 07:00,,,[#Pekomari Exercise] Will Holomen come? Morning exercises with everyone! Day 7 [Hololive/Usada Pekora/Horakane Marine],,,https://img.youtube.com/vi/KAadiaTBJaA/mqdefault.jpg,,,https://www.youtube.com/watch?v=KAadiaTBJaA,,
@kazamairoha,Kazama Iroha,https://hololive.hololivepro.com/wp-content/uploads/2020/07/Kazama-Iroha_pr-img_01.png,,,,,,,,,,,,
@TokinoSora,Tokino Sora,https://hololive.hololivepro.com/wp-content/uploads/2020/06/Tokino-Sora_pr-img_01.png,,,,,,,,,,,,
@AnyaMelfissa,Anya Melfissa,https://hololive.hololivepro.com/wp-content/uploads/2020/07/Anya-Melfissa_pr-img_01.png,,,,,,,,,,,,
@TokoyamiTowa,Tokoyami Towa,https://hololive.hololivepro.com/wp-content/uploads/2020/06/Tokoyami-Towa_pr-img_01.png,08.08 00:04,08.08 20:00,08.08 20:50,[#Holo7DTD Hard] #7 I'll be revenge on my birthday and attacking the desert again! üèúÔ∏è [Touya Towa Point of View/Hololive],[#Toyoya Towa Birthday 2025] Super important announcement! SincerelyTowa [3DLIVE],? ? ?,https://img.youtube.com/vi/ULlpTbME8cA/mqdefault.jpg,https://img.youtube.com/vi/I4FbpwMb78U/mqdefault.jpg,https://img.youtube.com/vi/7DV6xLfTehY/mqdefault.jpg,https://www.youtube.com/watch?v=ULlpTbME8cA,https://www.youtube.com/watch?v=I4FbpwMb78U,https://www.youtube.com/watch?v=7DV6xLfTehY
@MurasakiShion,[Alum] Murasaki Shion,https://hololive.hololivepro.com/wp-content/uploads/2020/06/Murasaki-Shion_pr-img_01.png,,,,,,,,,,,,
@MomosuzuNene,Momosuzu Nene,https://hololive.hololivepro.com/wp-content/uploads/2020/06/Momosuzu-Nene_pr-img_01.png,,,,,,,,,,,,
@VestiaZeta,Vestia Zeta,https://hololive.hololivepro.com/wp-content/uploads/2020/07/Vestia-Zeta_pr-img_01.png,,,,,,,,,,,,
@TsunomakiWatame,Tsunomaki Watame,https://hololive.hololivepro.com/wp-content/uploads/2020/06/Tsunomaki-Watame_pr-img_01.png,,,,,,,,,,,,
@NatsuiroMatsuri,Natsuiro Matsuri,https://hololive.hololivepro.com/wp-content/uploads/2020/06/Natsuiro-Matsuri_pr-img_01.png,,,,,,,,,,,,
@PavoliaReine,Pavolia Reine,https://hololive.hololivepro.com/wp-content/uploads/2020/07/Pavolia-Reine_pr-img_01.png,,,,,,,,,,,,
@NerissaRavencroft,Nerissa Ravencroft,https://hololive.hololivepro.com/wp-content/uploads/2024/08/Nerissa-Ravencroft_pr-img_01.png,,,,,,,,,,,,
@WatsonAmelia,[Affiliate] Watson Amelia,https://hololive.hololivepro.com/wp-content/uploads/2020/07/Watson-Amelia_pr-img_01.png,,,,,,,,,,,,
@TakanashiKiara,Takanashi Kiara,https://hololive.hololivepro.com/wp-content/uploads/2020/07/Takanashi-Kiara_pr-img_01.png,,,,,,,,,,,,
@KoganeiNiko,Koganei Niko,https://hololive.hololivepro.com/wp-content/uploads/2024/11/Koganei-Niko_pr-img_01.png,08.08 19:00,,,[Chat Evening] Talk about what's been piling up after drinking alcohol! [Tiger Golden Princess LOL],,,https://img.youtube.com/vi/TlHyhYhZSS8/mqdefault.jpg,,,https://www.youtube.com/watch?v=TlHyhYhZSS8,,
@AZKi,AZKi,https://hololive.hololivepro.com/wp-content/uploads/2024/12/AZKi_pr-img_01.png,,,,,,,,,,,,
@KikiraraVivi,Kikirara Vivi,https://hololive.hololivepro.com/wp-content/uploads/2024/11/Kikirara-Vivi_pr-img_01.png,08.08 18:00,,,[Everyone's mystery] Don't aim to answer 50 questions correctly! Let's all think together... [#KirirasuVivi #hololiveDEV_IS #FLOWGLOW],,,https://img.youtube.com/vi/FwMZPxzt4NA/mqdefault.jpg,,,https://www.youtube.com/watch?v=FwMZPxzt4NA,,
@HiodoshiAo,Hiodoshi Ao,https://hololive.hololivepro.com/wp-content/uploads/2023/09/Hiodoshi-Ao_pr-img_01_a.png,,,,,,,,,,,,
@InugamiKorone,Inugami Korone,https://hololive.hololivepro.com/wp-content/uploads/2020/06/Inugami-Korone_pr-img_01.png,,,,,,,,,,,,
@TsukumoSana,[Alum] Tsukumo Sana,https://hololive.hololivepro.com/wp-content/uploads/2023/09/Tsukumo-Sana_pr-img_01.png,,,,,,,,,,,,
@ShirakamiFubuki,Shirakami Fubuki,https://hololive.hololivepro.com/wp-content/uploads/2020/06/Shirakami-Fubuki_pr-img_01.png,,,,,,,,,,,,
@HoshimachiSuisei,Hoshimachi Suisei,https://hololive.hololivepro.com/wp-content/uploads/2020/06/Hoshimachi-Suisei_pr-img_01.png,,,,,,,,,,,,
@OokamiMio,Ookami Mio,https://hololive.hololivepro.com/wp-content/uploads/2020/06/Ookami-Mio_pr-img_01.png,,,,,,,,,,,,
@AmaneKanata,Amane Kanata,https://hololive.hololivepro.com/wp-content/uploads/2024/07/Amane-Kanata_pr-img_01.png,,,,,,,,,,,,
@AiraniIofifteen,Airani Iofifteen,https://hololive.hololivepro.com/wp-content/uploads/2020/07/Airani-Iofifteen_pr-img_01.png,NOW ON AIR,,,[Date Everything!] Should I Go For The Toilet Guys? [iofi / hololiveID],,,https://img.youtube.com/vi/M59SzucHR3k/mqdefault.jpg,,,https://www.youtube.com/watch?v=M59SzucHR3k,,
@HakosBaelz,Hakos Baelz,https://hololive.hololivepro.com/wp-content/uploads/2020/07/Hakos-Baelz_pr-img_01.png,,,,,,,,,,,,
@IRyS,IRyS,https://hololive.hololivepro.com/wp-content/uploads/2020/07/IRyS_pr-img_01.png,,,,,,,,,,,,
@FUWAMOCOch,Fuwawa Abyssgard,https://hololive.hololivepro.com/wp-content/uploads/2024/08/Fuwawa-Abyssgard_pr-img_01.png,08.08 10:00,08.09 11:00,,[LIFETIME SHOWTIME AFTERPARTY] behind-the-scene secrets from the start until now üêæ [FUWAMOCO],[PERO'S BIRTHDAY PARTY] Ranking the girls I want a birthday smooch from üêæ‚ú® [FUWAMOCO],,https://img.youtube.com/vi/fXsK6PLLVuo/mqdefault.jpg,https://img.youtube.com/vi/V_Vk80pKLNw/mqdefault.jpg,,https://www.youtube.com/watch?v=fXsK6PLLVuo,https://www.youtube.com/watch?v=V_Vk80pKLNw,
@KaelaKovalskia,Kaela Kovalskia,https://hololive.hololivepro.com/wp-content/uploads/2020/07/Kaela-Kovalskia_pr-img_02.png,,,,,,,,,,,,
@OtonoseKanade,Otonose Kanade,https://hololive.hololivepro.com/wp-content/uploads/2024/10/Otonose-Kanade_pr-img_01_a.png,,,,,,,,,,,,
@JuufuuteiRaden,Juufuutei Raden,https://hololive.hololivepro.com/wp-content/uploads/2024/10/Juufuutei-Raden_pr-img_01_a.png,08.08 10:00,,,[Raden Study Room] August 8th 10:00-11:30 [Raden ReGLOSS],,,https://img.youtube.com/vi/gKiQOGFtk1s/mqdefault.jpg,,,https://www.youtube.com/watch?v=gKiQOGFtk1s,,
@CeresFauna,[Alum] Ceres Fauna,https://hololive.hololivepro.com/wp-content/uploads/2023/10/Ceres-Fauna_pr-img_01.png,,,,,,,,,,,,
@RindoChihaya,Rindo Chihaya,https://hololive.hololivepro.com/wp-content/uploads/2024/11/Rindo-Chihaya_pr-img_01.png,,,,,,,,,,,,
@ShioriNovella,Shiori Novella,https://hololive.hololivepro.com/wp-content/uploads/2024/08/Shiori-Novella_pr-img_01.png,08.08 05:00,,,üíú Emotionally Available But Also Emotionally Dangerous BFE Stream üíú,,,https://img.youtube.com/vi/D2nD1k9ZdNI/mqdefault.jpg,,,https://www.youtube.com/watch?v=D2nD1k9ZdNI,,
@holoen_raorapanthera,Raora Panthera,https://hololive.hololivepro.com/wp-content/uploads/2024/06/Raora-Panthera_pr-img_01.png,,,,,,,,,,,,
@holoen_ceciliaimmergreen,Cecilia Immergreen,https://hololive.hololivepro.com/wp-content/uploads/2023/07/Cecilia-Immergreen_pr-img_01.png,,,,,,,,,,,,
@HakuiKoyori,Hakui Koyori,https://hololive.hololivepro.com/wp-content/uploads/2020/07/Hakui-Koyori_pr-img_01.png,08.08 12:00,08.08 19:00,08.09 11:00,[Pikachu Genki Dechu] A complete first time viewing! Use the teachings of Marine Professionals! ! ! ‚ö°~Day 5~ #Koyori and Pikachu [Hikukoyori/Hololive],"[ #Vtuber Senryu ] 2025 work presentation! ~Guest: Professor Yuuufutei Raden~ [Hi Koyori, Yuufutei Raden/Hololive]",[Utawarerumono: False Mask] A complete first time viewing! Let's finally get on... to that land...! ! ! #7 [Hirokoyo/Hololive],https://img.youtube.com/vi/rczX2ylCFNo/mqdefault.jpg,https://img.youtube.com/vi/iMT9XEoaG-4/mqdefault.jpg,https://img.youtube.com/vi/uIpu4B0-U-4/mqdefault.jpg,https://www.youtube.com/watch?v=rczX2ylCFNo,https://www.youtube.com/watch?v=iMT9XEoaG-4,https://www.youtube.com/watch?v=uIpu4B0-U-4
@ShiranuiFlare,Shiranui Flare,https://hololive.hololivepro.com/wp-content/uploads/2023/04/Shiranui-Flare_pr-img_01.png,,,,,,,,,,,,
@KureijiOllie,Kureiji Ollie,https://hololive.hololivepro.com/wp-content/uploads/2024/10/Kureiji-Ollie_pr-img_01.png,,,,,,,,,,,,
@MinatoAqua,[Alum] Minato Aqua,https://hololive.hololivepro.com/wp-content/uploads/2023/09/Minato-Aqua_pr-img_01.png,,,,,,,,,,,,
@SakamataChloe,[Affiliate] Sakamata Chloe,https://hololive.hololivepro.com/wp-content/uploads/2024/09/Sakamata-Chloe_pr-img_01.png,,,,,,,,,,,,
@holoANroom,Harusaki Nodoka,https://hololive.hololivepro.com/wp-content/uploads/2023/09/Harusaki-Nodoka_pr-img_01.png,,,,,,,,,,,,
@KosekiBijou,Koseki Bijou,https://hololive.hololivepro.com/wp-content/uploads/2024/08/Koseki-Bijou_pr-img_01.png,,,,,,,,,,,,
@OuroKronii,Ouro Kronii,https://hololive.hololivepro.com/wp-content/uploads/2023/10/Ouro-Kronii_pr-img_01.png,,,,,,,,,,,,
@HimemoriLuna,Himemori Luna,https://hololive.hololivepro.com/wp-content/uploads/2020/06/Himemori-Luna_pr-img_01.png,08.08 18:00,,,[Panepon] You're a competitive person~‚ô°(„Éªo„Éªüç¨) [Himemori Luna/Hololive],,,https://img.youtube.com/vi/b0jS0Ey-dok/mqdefault.jpg,,,https://www.youtube.com/watch?v=b0jS0Ey-dok,,
@NakiriAyame,Nakiri Ayame,https://hololive.hololivepro.com/wp-content/uploads/2020/06/Nakiri-Ayame_pr-img_01.png,,,,,,,,,,,,
@MoriCalliope,Mori Calliope,https://hololive.hololivepro.com/wp-content/uploads/2020/07/Mori-Calliope_pr-img_01.png,08.08 13:00,,,[RHINOSHIELD COLLAB] sharing some goodies?! together with @NinomaeInanis #calliolive #PR,,,https://img.youtube.com/vi/UycKog7bkuE/mqdefault.jpg,,,https://www.youtube.com/watch?v=UycKog7bkuE,,
@AyundaRisu,Ayunda Risu,https://hololive.hololivepro.com/wp-content/uploads/2020/07/Ayunda-Risu_pr-img_01.png,,,,,,,,,,,,
@OmaruPolka,Omaru Polka,https://hololive.hololivepro.com/wp-content/uploads/2024/12/Omaru-Polka_pr-img_01.png,,,,,,,,,,,,
@YuzukiChoco,Yuzuki Choco,https://hololive.hololivepro.com/wp-content/uploads/2020/06/Yuzuki-Choco_pr-img_01.png,,,,,,,,,,,,
@ShishiroBotan,Shishiro Botan,https://hololive.hololivepro.com/wp-content/uploads/2024/05/Shishiro-Botan_pr-img_01.png,,,,,,,,,,,,
@KoboKanaeru,Kobo Kanaeru,https://hololive.hololivepro.com/wp-content/uploads/2020/07/Kobo-Kanaeru_pr-img_01.png,,,,,,,,,,,,
@HoushouMarine,Houshou Marine,https://hololive.hololivepro.com/wp-content/uploads/2020/06/Houshou-Marine_pr-img_01.png,,,,,,,,,,,,
@TodorokiHajime,Todoroki Hajime,https://hololive.hololivepro.com/wp-content/uploads/2024/10/Todoroki-Hajime_pr-img_01_a.png,,,,,,,,,,,,
@TakaneLui,Takane Lui,https://hololive.hololivepro.com/wp-content/uploads/2024/08/Takane-Lui_pr-img_01.png,,,,,,,,,,,,
@ShiroganeNoel,Shirogane Noel,https://hololive.hololivepro.com/wp-content/uploads/2020/06/Shirogane-Noel_pr-img_01.png,08.08 21:00,,,[#Shiragin Noel 6th Anniversary] What to do is on the countdown broadcast üëÄ‚ú® [Shiragin Noel/Hololive],,,https://img.youtube.com/vi/f1iK4CnusP4/mqdefault.jpg,,,https://www.youtube.com/watch?v=f1iK4CnusP4,,
@MoonaHoshinova,Moona Hoshinova,https://hololive.hololivepro.com/wp-content/uploads/2020/07/Moona-Hoshinova_pr-img_01.png,,,,,,,,,,,,
@NekomataOkayu,Nekomata Okayu,https://hololive.hololivepro.com/wp-content/uploads/2020/06/Nekomata-Okayu_pr-img_01.png,08.08 22:00,,,[The Long Dark] The next time I'll be climbing it! üî•‚ú¶ [Nekomata Oka Porridge/Hololive],,,https://img.youtube.com/vi/qsd68Vk4FUA/mqdefault.jpg,,,https://www.youtube.com/watch?v=qsd68Vk4FUA,,
@IchijouRirika,Ichijou Ririka,https://hololive.hololivepro.com/wp-content/uploads/2024/10/Ichijou-Ririka_pr-img_01_a.png,08.08 19:00,,,[Switch2 trial version] New Square Enix release! A thousand-year stories of adventurer Elliot! ! [Ichijo Rika/hololive DEV_IS ReGLOSS],,,https://img.youtube.com/vi/QiipCDMT8M8/mqdefault.jpg,,,https://www.youtube.com/watch?v=QiipCDMT8M8,,
@MizumiyaSu,Mizumiya Su,https://hololive.hololivepro.com/wp-content/uploads/2024/11/Mizumiya-Su_pr-img_01.png,,,,,,,,,,,,
@holoen_erbloodflame,Elizabeth Rose Bloodflame,https://hololive.hololivepro.com/wp-content/uploads/2023/07/Elizabeth-Rose-Bloodflame_pr-img_01.png,,,,,,,,,,,,
@YubariRei,[Retirement] Friend A (A-chan),https://hololive.hololivepro.com/wp-content/uploads/2023/09/Friend-A_pr-img_01.png,,,,,,,,,,,,
@NinomaeInanis,Ninomae Ina'nis,https://hololive.hololivepro.com/wp-content/uploads/2020/07/Ninomae-Inanis_pr-img_01.png,,,,,,,,,,,,
@Robocosan,Robocosan,https://hololive.hololivepro.com/wp-content/uploads/2020/06/Robocosan_pr-img_01.png,,,,,,,,,,,,
@OozoraSubaru,Oozora Subaru,https://hololive.hololivepro.com/wp-content/uploads/2020/06/Oozora-Subaru_pr-img_01.png,,,,,,,,,,,,
